﻿Code,Service,Price
619,TSH,262.71
311,Амилаза,361.88
548,Альбумин,234.09
258,Креатинин,143.22
176,Билирубин общий,102.85
501,Гепатит В,176.83
543,Гепатит С,289.99
557,ВИЧ,490.77
229,СПИД,341.78
415,Кальций общий,419.9
323,Глюкоза,447.65
855,Ковид IgM,209.78
346,Общий белок,396.03
836,Железо,105.32
659,Сифилис RPR,443.66
797,АТ и АГ к ВИЧ 1/2,370.62
287,Волчаночный антикоагулянт,290.11
